Date,Open,High,Low,Close,Volume,OpenInt
2020-01-02,159.9735,160.8722,159.4126,160.0,1696503,0
2020-01-03,155.413,155.7491,155.0731,155.6203,4367993,0
2020-01-06,161.6633,162.6928,161.6564,161.6964,2074243,0
2020-01-07,157.0276,157.4421,156.1665,157.2259,340441,0
2020-01-08,162.4191,163.055,162.3658,162.7198,3662719,0
2020-01-09,158.97,159.3399,158.1663,159.1427,3392349,0
2020-01-10,151.7558,151.8671,151.212,151.5272,2016341,0
2020-01-13,152.0659,152.5563,151.9524,152.107,3223963,0
2020-01-14,148.809,149.7057,147.9501,148.7763,4717203,0
2020-01-15,149.8846,150.631,149.4029,149.9616,4637215,0
2020-01-16,152.3709,153.013,151.8861,152.6442,3990360,0
2020-01-17,143.237,143.2522,142.2356,143.1031,3000043,0
2020-01-20,140.4632,140.8575,140.145,140.769,332705,0
2020-01-21,141.1947,141.5925,140.6774,141.2731,2658609,0
2020-01-22,146.0537,146.6962,145.2537,146.0617,4129034,0
2020-01-23,150.1751,150.6828,150.1359,150.1405,4255498,0
2020-01-24,145.4253,145.5527,145.018,145.531,3909715,0
2020-01-27,144.4355,144.8283,144.312,144.7015,4935226,0
2020-01-28,147.1969,147.9643,147.1176,147.3149,2679169,0
2020-01-29,147.0255,147.1522,147.0111,147.1357,726576,0
2020-01-30,151.2061,151.4677,150.7042,151.3231,2584723,0
2020-01-31,152.6726,153.2098,152.382,152.5246,1729827,0
2020-02-03,144.8895,145.2266,144.4299,145.0655,4210529,0
2020-02-04,131.9557,132.0827,131.2738,131.9159,3930264,0
2020-02-05,125.3594,125.5913,125.2294,125.3396,2238969,0
2020-02-06,127.4932,127.8476,127.1968,127.3709,2063561,0
2020-02-07,121.2239,121.9322,120.1949,121.24,965419,0
2020-02-10,129.9577,130.732,129.6079,129.855,407196,0
2020-02-11,135.16,135.1847,135.1191,135.1833,1701914,0
2020-02-12,130.0222,130.0597,129.9267,129.9657,1356883,0
2020-02-13,129.0354,129.3864,128.8795,129.2297,1472971,0
2020-02-14,125.8442,126.3811,125.627,126.1771,4992671,0
2020-02-17,127.0787,127.4287,126.8899,127.0308,3469083,0
2020-02-18,129.5259,129.5287,129.2902,129.4701,2846675,0
2020-02-19,123.3125,123.4758,123.0176,123.2539,1058592,0
2020-02-20,125.1177,125.7659,125.0309,125.1834,4237497,0
2020-02-21,127.4699,127.5939,126.918,127.2803,3294907,0
2020-02-24,123.8362,123.9129,123.8068,123.8931,2671108,0
2020-02-25,129.9774,130.9426,129.7261,129.9227,2436641,0
2020-02-26,129.5066,129.5823,129.3526,129.4297,2852324,0
2020-02-27,133.6037,133.8266,132.8305,133.3745,4230372,0
2020-02-28,126.5498,126.8354,126.4615,126.59,3656608,0
2020-03-02,131.3968,131.7712,130.7889,131.4827,2527993,0
2020-03-03,133.1114,133.4269,132.701,133.3111,3404593,0
2020-03-04,129.9708,130.0464,128.9835,129.7694,4663058,0
2020-03-05,131.5106,131.5502,131.3862,131.4552,1765958,0
2020-03-06,137.9808,138.2192,137.2523,137.9183,4522251,0
2020-03-09,136.0518,136.1846,135.5814,135.6291,3112598,0
2020-03-10,133.3989,134.2108,133.0981,133.3556,1089380,0
2020-03-11,132.49,133.1446,131.555,132.6627,4841374,0
2020-03-12,132.966,133.1133,132.8048,132.9921,3493598,0
2020-03-13,136.675,137.1596,136.3613,136.8084,2052487,0
2020-03-16,138.6889,139.1056,138.4278,138.7438,1230198,0
2020-03-17,138.0012,138.1647,138.0009,138.0568,4595768,0
2020-03-18,139.1935,139.6713,138.9292,139.2752,4151860,0
2020-03-19,145.981,146.8369,145.7366,146.1847,413689,0
2020-03-20,149.1124,149.4573,148.4353,148.8753,3251471,0
2020-03-23,148.6316,148.8472,148.1298,148.5872,750167,0
2020-03-24,147.7504,148.7508,147.0204,147.7837,1611764,0
2020-03-25,148.8922,148.9352,148.4143,148.7795,2926486,0
2020-03-26,152.645,153.4799,152.3607,152.5731,1395793,0
2020-03-27,149.9534,150.0465,149.6427,149.9121,2659958,0
2020-03-30,153.1524,153.2655,152.5228,153.0476,2261972,0
2020-03-31,152.7197,152.8597,151.4615,152.6993,2991197,0
2020-04-01,153.0018,153.4345,152.6858,152.8994,4043470,0
2020-04-02,163.2582,163.9232,162.9319,163.1353,944877,0
2020-04-03,165.9809,166.4963,165.6609,165.9539,4021575,0
2020-04-06,164.0132,164.2228,163.6775,164.0493,1267363,0
2020-04-07,166.0161,166.4719,165.6923,165.7624,360205,0
2020-04-08,169.7455,169.8927,169.5342,169.8267,2342822,0
2020-04-09,172.7595,173.0152,171.3337,172.692,1650978,0
2020-04-10,164.818,165.3172,164.6889,164.7499,1085735,0
2020-04-13,154.2992,154.9044,154.2147,154.3933,2229684,0
2020-04-14,154.3145,154.6476,153.726,154.4393,4370513,0
2020-04-15,156.0649,156.2196,156.0623,156.1202,3010793,0
2020-04-16,157.4289,158.0775,156.8363,157.5064,3693615,0
2020-04-17,155.8917,156.5387,155.771,156.1193,917729,0
2020-04-20,158.5432,158.7057,157.5486,158.6466,563978,0
2020-04-21,162.8143,162.8296,162.1796,162.7709,1809358,0
2020-04-22,157.6964,158.1538,157.1967,157.497,3917227,0
2020-04-23,152.2647,152.5918,152.0674,152.1804,4450865,0
2020-04-24,153.1611,154.0509,152.7372,153.5603,688383,0
2020-04-27,156.3234,156.5368,155.3014,156.2232,2487428,0
2020-04-28,154.4016,155.3998,154.2893,154.4878,2103237,0
2020-04-29,148.401,148.8514,148.1222,148.3338,3771887,0
2020-04-30,148.4288,149.2605,148.0032,148.4309,1186418,0
2020-05-01,149.6481,149.8651,149.3461,149.677,2526936,0
2020-05-04,148.9245,149.7453,148.6376,148.9398,4279100,0
2020-05-05,152.0879,152.1058,151.3846,152.0913,2431916,0
2020-05-06,153.3541,154.1084,152.9791,153.1482,3950134,0
2020-05-07,151.2462,152.0085,150.6404,151.2492,3185242,0
2020-05-08,149.8242,150.6359,149.1929,149.6617,3067525,0
2020-05-11,149.961,150.0952,149.3343,149.8201,1444949,0
2020-05-12,149.0339,149.476,148.5982,148.9345,4963942,0
2020-05-13,144.0594,144.8338,143.4091,144.3172,1399050,0
2020-05-14,145.1977,145.2471,144.7866,145.0358,4668754,0
2020-05-15,143.5736,144.1687,143.53,143.6394,4948898,0
2020-05-18,142.7801,143.037,142.2192,142.678,2654657,0
2020-05-19,139.9625,140.3993,139.9375,140.0988,4371161,0
2020-05-20,144.0787,144.5547,144.0544,144.2496,3632432,0
2020-05-21,146.231,147.2153,145.7196,145.9426,3741223,0
2020-05-22,150.8353,151.3208,150.5354,150.9798,528848,0
2020-05-25,150.4845,150.8565,149.9938,150.3123,858293,0
2020-05-26,152.22,152.2558,151.9854,152.202,534169,0
2020-05-27,152.9001,153.0575,152.8867,152.9644,345078,0
2020-05-28,151.362,151.433,151.177,151.3688,4212690,0
2020-05-29,150.4977,150.7727,150.4603,150.6937,1041980,0
2020-06-01,152.3755,152.3878,151.6466,152.3776,230409,0
2020-06-02,149.6442,150.0492,149.4454,149.8064,4701108,0
2020-06-03,152.5004,152.6291,152.2844,152.5607,1538032,0
2020-06-04,153.2217,153.3524,152.296,153.0801,4118190,0
2020-06-05,155.5081,155.6955,155.4488,155.4685,4810511,0
2020-06-08,156.3401,156.9603,156.0321,156.5722,2710764,0
2020-06-09,152.7991,153.0539,152.2861,152.6691,4648257,0
2020-06-10,150.1149,150.1427,150.0662,150.116,4850146,0
2020-06-11,152.7587,153.3743,152.3206,152.8415,892591,0
2020-06-12,157.5542,158.0755,157.0913,157.4367,903594,0
2020-06-15,176.6104,177.5963,176.0207,176.6399,1975705,0
2020-06-16,177.7522,178.6745,177.2273,177.9596,2883922,0
2020-06-17,175.0088,175.1901,173.8632,174.686,3972977,0
2020-06-18,166.8735,167.352,166.7885,166.8763,1079466,0
2020-06-19,167.1307,168.2414,166.4653,167.1443,1128331,0
2020-06-22,167.3992,167.7199,167.0659,167.4671,1670857,0
2020-06-23,157.684,157.9209,157.1293,157.4981,1502692,0
2020-06-24,160.9546,161.2182,160.1965,161.0391,4712648,0
2020-06-25,166.9035,167.2097,166.2619,167.1617,2100755,0
2020-06-26,173.3066,173.5952,172.2951,173.4243,4367736,0
2020-06-29,177.372,177.4427,176.8076,177.1369,468235,0
2020-06-30,182.2522,184.1819,181.9757,182.1007,688634,0
2020-07-01,173.8999,173.9741,173.1774,173.9443,4057345,0
2020-07-02,173.5819,173.5912,173.1837,173.3439,1397810,0
2020-07-03,175.2656,175.8117,174.8444,175.1346,596586,0
2020-07-06,181.2648,182.0252,181.1498,181.3131,3053635,0
2020-07-07,182.6502,182.7834,182.6204,182.6805,906962,0
2020-07-08,181.835,182.2803,181.5179,181.7751,494493,0
2020-07-09,164.7748,165.457,164.7267,164.912,2149359,0
2020-07-10,167.6684,168.0543,167.1973,167.6676,2840406,0
2020-07-13,177.1237,177.4279,175.6225,177.069,2731326,0
2020-07-14,173.9409,174.8541,173.8418,174.2349,3005558,0
2020-07-15,173.6733,173.8029,173.0468,173.7062,313403,0
2020-07-16,180.8408,181.6556,179.8262,180.8956,1596642,0
2020-07-17,180.849,180.9472,180.2665,180.6632,1848622,0
2020-07-20,195.9021,197.1453,194.9119,196.2642,1606990,0
2020-07-21,197.0227,197.5406,196.9228,197.0979,2883432,0
2020-07-22,205.4407,206.1859,205.439,205.5397,1299580,0
2020-07-23,204.0586,204.4578,203.5391,203.8629,3233567,0
2020-07-24,196.6425,196.784,196.6406,196.651,4691246,0
2020-07-27,196.7671,196.895,195.9533,196.4143,3371612,0
2020-07-28,199.8408,200.2374,199.3999,199.7086,2066581,0
2020-07-29,195.4493,195.6766,194.7972,195.5295,2286653,0
2020-07-30,202.2599,202.7084,201.8909,202.2114,3009291,0
2020-07-31,199.659,200.2572,199.6522,199.7297,3675050,0
2020-08-03,194.3813,195.3911,194.0045,194.2144,1647557,0
2020-08-04,206.9718,207.6108,206.6199,207.2479,384385,0
2020-08-05,202.7247,204.0089,202.4175,202.8918,3572787,0
2020-08-06,200.4577,200.758,199.8973,200.3664,3375398,0
2020-08-07,204.6047,204.808,203.6611,204.3542,686918,0
2020-08-10,202.2952,202.8214,201.5137,202.7416,3207470,0
2020-08-11,197.9565,198.2868,197.1187,197.6848,543879,0
2020-08-12,194.8315,195.1256,194.0277,194.8588,3286858,0
2020-08-13,204.4798,205.031,204.144,204.8658,3772562,0
2020-08-14,207.4073,208.0942,206.4012,208.0317,274493,0
2020-08-17,211.9668,213.2275,210.9371,212.2915,3688006,0
2020-08-18,213.867,213.8905,213.3936,213.8712,778146,0
2020-08-19,216.3319,217.1481,215.8719,216.3461,1472006,0
2020-08-20,214.5426,215.3123,212.9583,214.4068,3583249,0
2020-08-21,215.1682,215.3764,213.6614,215.2865,1904224,0
2020-08-24,205.4842,206.4091,205.1979,205.7121,4889773,0
2020-08-25,210.5689,211.6432,210.0329,210.6559,4794850,0
2020-08-26,208.8117,209.2098,208.5934,208.8047,4937156,0
2020-08-27,203.5563,203.9743,202.7524,203.5093,700785,0
2020-08-28,204.4148,204.8022,204.3906,204.5762,1046181,0
2020-08-31,204.0353,204.215,203.7709,203.8515,1079105,0
2020-09-01,208.2012,208.4482,208.0296,208.3306,3009675,0
2020-09-02,208.0897,208.6473,207.7636,208.2709,2264184,0
2020-09-03,205.5522,206.0369,205.2148,205.6638,3780112,0
2020-09-04,205.936,207.5459,205.5475,205.7149,1554074,0
2020-09-07,212.4326,212.6141,211.939,212.4608,1158826,0
2020-09-08,216.9372,217.4253,216.3169,217.088,3315241,0
2020-09-09,220.0989,220.3699,219.4643,219.8953,3162860,0
2020-09-10,225.3082,225.3327,224.0849,224.8265,3514888,0
2020-09-11,228.1146,228.6283,227.2943,228.0667,1697905,0
2020-09-14,224.4406,224.4951,223.0212,224.1641,2726662,0
2020-09-15,228.201,229.2333,227.9619,227.9648,4656088,0
2020-09-16,233.3806,234.3115,231.351,233.522,3133747,0
2020-09-17,239.4802,239.5654,238.5642,239.4738,4675956,0
2020-09-18,234.2776,234.7178,233.8879,234.5785,2280419,0
2020-09-21,232.4397,234.4754,232.1437,232.4874,415244,0
2020-09-22,229.6413,230.0102,229.14,229.7851,3849858,0
2020-09-23,228.4962,229.5163,227.5582,228.5883,2410185,0
2020-09-24,230.6199,230.9461,229.6723,230.7929,402072,0
2020-09-25,231.645,231.8178,231.5287,231.7115,865926,0
2020-09-28,232.7527,233.2386,232.5656,232.6289,1701878,0
2020-09-29,227.0439,228.0224,227.0277,227.071,1116782,0
2020-09-30,224.5915,225.0287,223.8203,225.011,3485264,0
2020-10-01,230.4998,232.25,229.9776,230.6719,3133567,0
2020-10-02,235.4102,235.9328,234.2047,235.7684,1782296,0
2020-10-05,235.7188,236.6453,235.433,235.6613,606351,0
2020-10-06,239.3547,239.7583,237.7676,239.2343,576969,0
2020-10-07,241.0479,241.3175,240.7684,240.9861,4739051,0
2020-10-08,244.9116,245.5399,244.0395,245.1045,1856064,0
2020-10-09,249.016,249.7236,248.522,248.9545,715002,0
2020-10-12,258.1209,258.4731,257.3137,258.2423,3615174,0
2020-10-13,258.1964,258.6155,257.7159,258.4906,4375839,0
2020-10-14,261.4851,261.8366,259.4019,261.2912,785527,0
2020-10-15,263.6548,264.2966,262.9744,263.4393,4735621,0
2020-10-16,264.06,264.568,263.4946,263.8097,3678230,0
2020-10-19,263.0339,264.1151,262.6881,263.194,1409791,0
2020-10-20,271.6297,271.8995,270.531,271.3098,3922187,0
2020-10-21,271.5582,272.6725,271.508,271.6923,2215742,0
2020-10-22,275.3739,276.5007,273.775,275.194,3249443,0
2020-10-23,282.9283,284.2519,282.4777,283.0729,809146,0
2020-10-26,281.8001,282.8896,280.6105,281.8632,1372323,0
2020-10-27,284.0518,284.7491,283.5463,284.7412,3912451,0
2020-10-28,285.9923,287.1106,285.9644,286.0787,4065417,0
2020-10-29,283.7312,284.2437,283.2436,283.7053,252466,0
2020-10-30,298.4693,299.0187,298.2353,298.5917,1229324,0
2020-11-02,288.8869,289.0741,288.0725,288.3804,3116148,0
2020-11-03,280.3103,281.1188,280.1363,280.6365,4547940,0
2020-11-04,287.9064,288.4815,287.3004,288.0688,3436630,0
2020-11-05,289.3568,290.0823,289.066,289.6189,3591899,0
2020-11-06,284.0496,285.3569,282.6153,284.2098,2065474,0
2020-11-09,284.4871,284.9751,283.4762,284.194,462655,0
2020-11-10,275.8601,276.8345,274.4323,275.453,3876388,0
2020-11-11,281.1436,281.4176,280.9601,281.3408,4036578,0
2020-11-12,285.909,286.7509,285.3532,286.1159,2327833,0
2020-11-13,274.9334,276.2726,274.241,275.2519,2630880,0
2020-11-16,256.4296,256.8798,254.7316,256.0951,1328244,0
2020-11-17,244.6971,245.7395,244.3558,244.4231,2372714,0
2020-11-18,239.0239,240.0559,238.6943,239.0493,1361384,0
2020-11-19,259.0367,259.4425,258.9963,259.3989,2218453,0
2020-11-20,263.7427,265.275,262.6792,264.0878,843417,0
2020-11-23,260.2617,262.0494,259.5758,260.2173,3111824,0
2020-11-24,259.1728,259.4739,257.4382,259.0305,1388139,0
2020-11-25,252.9635,253.7335,252.3485,253.4872,3677976,0
2020-11-26,244.86,245.6413,244.4655,244.9387,2685189,0
2020-11-27,243.0796,243.5917,241.4065,242.6869,4500687,0
2020-11-30,252.0487,253.095,251.9288,252.1035,1261616,0
2020-12-01,264.0981,264.6229,262.7318,263.7053,1510135,0
2020-12-02,259.1861,259.4337,258.0364,259.018,1366596,0
2020-12-03,259.5843,260.7905,257.7651,259.866,3227726,0
2020-12-04,262.5093,263.1111,261.8494,262.5862,712894,0
2020-12-07,261.5079,261.5595,261.4396,261.5415,3494444,0
2020-12-08,269.1175,269.6012,268.1333,269.3741,4131413,0
2020-12-09,264.4754,264.8484,264.4424,264.7322,3439026,0
2020-12-10,253.8796,254.0708,253.3959,253.4976,846420,0
2020-12-11,265.3836,266.3351,264.1977,265.6432,2566403,0
2020-12-14,265.4485,266.0779,262.9146,265.1625,2760703,0
2020-12-15,246.0834,247.2911,245.7177,246.1908,2076908,0
2020-12-16,245.1266,245.5423,244.763,245.1329,2438361,0
2020-12-17,246.7038,247.1134,245.8484,246.5652,3859418,0
2020-12-18,231.7731,232.2126,230.5116,231.9119,4206130,0
2020-12-21,233.7869,233.7926,232.8646,233.6542,1640047,0
2020-12-22,226.9768,228.4838,226.1588,227.4422,1783191,0
2020-12-23,229.0917,229.9863,228.8441,228.991,1198655,0
2020-12-24,229.8324,230.941,228.5352,230.4012,2128541,0
2020-12-25,231.8922,233.4332,231.2649,231.9449,2819980,0
2020-12-28,237.7685,238.7729,236.4002,237.5656,3625094,0
2020-12-29,219.5226,219.7648,218.8575,219.3861,1484532,0
2020-12-30,213.4511,213.7478,213.4491,213.7286,1238433,0
2020-12-31,212.5316,214.1786,212.2478,212.7805,359519,0
2021-01-01,203.8698,205.1266,203.7102,204.0103,650674,0
2021-01-04,208.1915,208.193,207.2042,208.1528,447563,0
2021-01-05,196.3676,197.9306,195.9415,196.7674,1195384,0
2021-01-06,180.6082,180.9891,180.2588,180.6106,3536050,0
2021-01-07,179.089,179.553,178.3729,179.0332,3916192,0
2021-01-08,162.9475,163.2283,162.1168,162.9937,4871100,0
2021-01-11,151.996,152.0212,151.5502,151.9162,2816452,0
2021-01-12,141.5303,142.046,140.7611,141.4986,2382504,0
2021-01-13,142.158,142.3827,141.2956,142.2351,4517035,0
2021-01-14,148.4708,149.0668,148.2425,148.7589,905893,0
2021-01-15,151.513,152.1576,151.0238,151.4928,3225221,0
2021-01-18,162.8001,162.9777,161.2944,162.9554,4126799,0
2021-01-19,160.5255,161.1442,160.4316,160.6184,2612251,0
2021-01-20,158.417,158.7426,157.8175,158.3411,1454892,0
2021-01-21,152.6086,153.2526,151.97,152.3926,3180160,0
2021-01-22,168.661,168.8058,168.0438,168.6674,4979007,0
2021-01-25,158.5863,158.7931,158.3588,158.4985,1332530,0
2021-01-26,164.099,164.4012,162.8503,164.3363,2903667,0
2021-01-27,171.116,171.3755,170.862,171.074,443669,0
2021-01-28,177.607,177.6186,176.6036,177.6177,1316636,0
2021-01-29,172.2897,172.5184,171.4945,172.0781,3881959,0
2021-02-01,163.3796,163.9385,162.7999,163.468,2580822,0
2021-02-02,162.8391,162.9777,162.6074,162.8785,1156290,0
2021-02-03,167.4506,168.2023,167.0119,167.2735,1809830,0
2021-02-04,163.6582,164.4979,163.5516,163.6733,780587,0
2021-02-05,162.0175,163.0375,161.8999,162.1973,3941465,0
2021-02-08,159.3146,159.6099,158.3622,158.9091,4725777,0
2021-02-09,159.801,160.5261,159.5025,159.9735,707916,0
2021-02-10,160.6087,160.7637,159.8179,160.6191,1342098,0
2021-02-11,171.2874,171.3575,170.288,171.228,4313613,0
2021-02-12,175.6155,175.6496,175.5043,175.5685,4417608,0
2021-02-15,168.1769,168.4301,168.0703,168.2088,3883217,0
2021-02-16,161.6365,161.7431,161.5044,161.6663,3632222,0
2021-02-17,166.4812,167.874,166.1568,166.5203,4334546,0
2021-02-18,166.8956,167.2442,165.9514,167.082,1992703,0
2021-02-19,180.239,180.4689,179.7656,179.8523,4495969,0
2021-02-22,193.3436,194.3377,193.2085,193.3861,4455741,0
2021-02-23,188.2239,189.1762,188.0003,188.1116,1302933,0
2021-02-24,190.4874,191.3304,189.9142,190.5511,550433,0
2021-02-25,183.7993,184.0574,183.4817,183.8645,2700827,0
2021-02-26,188.6978,189.6707,188.4476,188.7838,3839852,0
2021-03-01,200.1684,201.3932,199.7265,200.4791,4279626,0
2021-03-02,201.9775,202.6238,200.8719,202.0099,883803,0
2021-03-03,199.8697,200.1614,198.7983,199.9511,2011462,0
2021-03-04,203.253,203.3542,202.9688,203.0151,3885680,0
2021-03-05,209.2599,210.3784,209.1358,209.5106,489956,0
2021-03-08,216.056,216.9664,215.6802,216.1808,3670076,0
2021-03-09,213.9651,214.9015,213.9522,214.1575,1599844,0
2021-03-10,210.9828,211.2719,210.3111,210.6789,307743,0
2021-03-11,212.5377,212.9455,211.7435,212.7226,1361217,0
2021-03-12,211.3119,211.7982,211.1864,211.1932,3760748,0
2021-03-15,219.6826,220.2204,218.5867,219.4697,4376300,0
2021-03-16,217.8282,217.9846,217.5754,217.86,590148,0
2021-03-17,218.5724,219.1044,217.3408,218.8737,2426462,0
2021-03-18,221.3947,222.4509,221.1634,221.6972,1165634,0
2021-03-19,214.0525,215.1211,212.9261,213.8686,3481012,0
2021-03-22,210.892,211.6329,210.6494,211.1582,3947302,0
2021-03-23,220.8346,221.0091,220.1554,220.748,4818171,0
2021-03-24,218.3753,218.6052,218.2014,218.3503,1903645,0
2021-03-25,205.4425,205.7424,204.3511,205.365,1636101,0
2021-03-26,209.8449,210.1737,209.3229,209.746,1687211,0
2021-03-29,213.2412,214.6465,212.2807,213.4405,3853757,0
2021-03-30,212.109,212.5849,211.0305,212.3161,2336376,0
2021-03-31,220.335,220.6863,220.0999,220.1776,309267,0
2021-04-01,226.6672,228.0067,226.2862,226.8099,4748558,0
2021-04-02,217.1262,218.0183,216.8392,217.7249,699757,0
2021-04-05,216.8315,216.889,216.2992,216.6909,4655246,0
2021-04-06,230.8109,231.919,230.8026,231.0503,976952,0
2021-04-07,248.929,249.0577,248.6087,248.8127,2783046,0
2021-04-08,258.2299,259.3834,257.0406,257.8707,1699608,0
2021-04-09,253.2051,253.7732,252.8666,253.2009,3496623,0
2021-04-12,235.4524,235.749,234.2857,235.2181,2134338,0
2021-04-13,230.069,230.2602,229.4503,230.0336,1963243,0
2021-04-14,221.176,221.2427,220.7666,220.8255,2489676,0
2021-04-15,234.5807,235.3665,234.4978,234.8301,4860049,0
2021-04-16,221.997,222.7553,219.9559,221.9989,1377590,0
2021-04-19,214.6476,214.7791,213.6372,214.5032,1254663,0
2021-04-20,216.6245,217.1204,216.5432,216.6657,517833,0
2021-04-21,217.5416,218.7047,216.3631,217.2912,3745519,0
2021-04-22,228.9792,229.5489,228.7128,229.0782,3452110,0
2021-04-23,234.6439,235.8223,233.9155,234.1594,3122049,0
2021-04-26,234.2786,234.3612,233.1899,233.7824,313574,0
2021-04-27,243.8533,244.7044,243.4557,243.7845,3994787,0
2021-04-28,241.6945,242.7322,241.4223,241.561,4085459,0
2021-04-29,254.9127,255.7976,254.2806,254.6093,4736040,0
2021-04-30,248.6246,250.1524,247.5796,248.9201,4659943,0
2021-05-03,230.1709,230.5654,229.7206,230.4732,1463251,0
2021-05-04,231.1255,231.4123,230.5709,230.8354,3609770,0
2021-05-05,218.3591,219.3447,218.2509,218.2993,2132701,0
2021-05-06,224.7747,225.1802,224.3978,224.8256,3060610,0
2021-05-07,226.4066,227.7593,226.2448,226.4041,1795976,0
2021-05-10,237.0969,238.4028,236.9175,237.664,3353688,0
2021-05-11,236.6102,237.0637,235.3887,236.6553,4773224,0
2021-05-12,228.1558,228.8773,227.7864,228.3278,3330665,0
2021-05-13,231.9715,232.873,231.2748,231.7587,4620079,0
2021-05-14,229.2903,230.0488,228.5489,229.0623,4672184,0
2021-05-17,234.5191,234.6269,233.4582,234.3839,770617,0
2021-05-18,230.0386,231.7137,229.818,229.9477,4828668,0
2021-05-19,238.7618,239.4002,238.0288,239.1198,4127723,0
2021-05-20,240.273,241.333,240.1191,240.1311,2248215,0
2021-05-21,240.0187,240.9071,239.6168,239.8677,3080381,0
2021-05-24,248.9437,249.2895,248.3988,248.6341,3161980,0
2021-05-25,255.7175,256.63,254.7452,255.1769,3974647,0
2021-05-26,250.9852,251.8069,250.5609,251.4107,4053473,0
2021-05-27,257.5903,259.1853,257.2057,257.6904,691705,0
2021-05-28,262.392,263.7029,262.1194,262.5869,204983,0
2021-05-31,262.7111,263.6158,261.3624,262.6658,1383176,0
2021-06-01,268.4668,269.226,268.0957,268.4632,2729676,0
2021-06-02,278.0157,278.4405,277.3757,278.0808,4276131,0
2021-06-03,278.638,279.6258,278.1729,278.3519,3333806,0
2021-06-04,278.3366,279.9207,278.2103,278.6435,852248,0
2021-06-07,278.3029,278.9783,276.7258,278.5929,3642586,0
2021-06-08,274.3282,274.924,274.2615,274.6095,2447277,0
2021-06-09,274.7108,275.7544,274.2867,274.8098,1970189,0
2021-06-10,274.0051,276.0272,273.4813,274.3421,3903954,0
2021-06-11,273.5282,273.5616,273.4319,273.5415,1619093,0
2021-06-14,272.6209,273.809,271.0038,272.666,1074284,0
2021-06-15,266.5863,267.5114,265.565,266.7962,2031507,0
2021-06-16,273.7003,274.1281,273.1242,273.4614,2877514,0
2021-06-17,289.3687,289.8312,288.324,289.3859,3192385,0
2021-06-18,306.7079,308.0387,305.6583,306.3824,4612656,0
2021-06-21,299.8098,301.184,299.6018,299.8683,1593660,0
2021-06-22,303.1932,304.9078,302.5749,303.2005,4500695,0
2021-06-23,312.7195,313.4116,312.2617,312.8956,4119714,0
2021-06-24,305.5389,305.6522,304.7823,305.5411,1927836,0
2021-06-25,318.0179,319.0037,316.0823,317.7915,872403,0
2021-06-28,317.9817,318.3624,316.9873,318.1126,1437704,0
2021-06-29,305.9397,307.1784,303.8874,305.7812,3357491,0
2021-06-30,311.5947,312.2846,310.7558,311.8482,3986210,0
2021-07-01,304.332,305.061,302.7253,304.1011,3138906,0
2021-07-02,308.4676,309.1093,306.5633,308.6465,3679904,0
2021-07-05,308.257,308.3231,307.778,307.9947,688120,0
2021-07-06,311.9404,312.8908,311.3239,311.9214,2625631,0
2021-07-07,317.997,319.4978,317.303,317.5141,4394169,0
2021-07-08,316.072,316.9055,315.6232,316.4372,2067345,0
2021-07-09,323.5901,325.8132,322.0728,324.0685,4514635,0
2021-07-12,333.9695,334.3359,333.3959,334.1754,794229,0
2021-07-13,339.6869,340.718,338.2247,340.1579,4897945,0
2021-07-14,346.314,348.6229,345.2275,346.7935,3968665,0
2021-07-15,350.1176,350.7248,349.1139,349.9001,3205891,0
2021-07-16,363.0451,363.2408,363.0307,363.0466,3163829,0
2021-07-19,363.8409,364.8018,363.5318,364.0155,4694371,0
2021-07-20,358.3683,359.8382,357.6963,358.507,2009032,0
2021-07-21,359.53,360.5125,359.4469,359.7448,991687,0
2021-07-22,349.0803,349.6912,347.8695,348.5052,4610182,0
2021-07-23,336.4986,338.0286,334.5185,336.7462,693237,0
2021-07-26,345.6672,347.049,345.5363,346.1248,3366428,0
2021-07-27,361.7014,363.112,361.369,361.4137,1476747,0
2021-07-28,359.2093,359.4058,357.5633,359.2868,4660346,0
2021-07-29,369.8188,370.7759,368.4584,369.0664,4873606,0
2021-07-30,353.6756,356.1018,352.2705,353.8618,2477179,0
2021-08-02,338.4595,340.0096,337.9195,338.1734,2759652,0
2021-08-03,349.9181,351.4156,348.4113,349.5398,2382165,0
2021-08-04,354.6134,355.3999,354.2293,354.7983,2241065,0
2021-08-05,355.412,357.4101,355.3085,355.6762,4698748,0
2021-08-06,372.1024,372.314,370.211,371.8267,1578109,0
2021-08-09,371.6578,372.772,371.3792,371.4443,4806998,0
2021-08-10,362.8608,365.549,361.5184,363.3734,3322015,0
2021-08-11,351.3001,352.224,349.9994,351.697,4811683,0
2021-08-12,351.8439,354.7216,351.5856,352.7386,3138066,0
2021-08-13,355.4739,356.3062,354.8494,355.2624,4130707,0
2021-08-16,354.3349,356.0728,353.5932,354.4277,2551877,0
2021-08-17,363.0087,364.4594,362.7387,363.0676,2419549,0
2021-08-18,374.8428,376.057,374.3443,375.4779,1435941,0
2021-08-19,347.3866,348.8763,346.9355,347.7685,1209436,0
2021-08-20,321.5958,321.903,320.6534,321.7496,380918,0
2021-08-23,303.7963,304.5207,302.2961,304.0007,2040516,0
2021-08-24,304.5699,305.0613,304.2943,304.534,4941151,0
2021-08-25,294.5384,294.7287,293.9198,294.3666,4703827,0
2021-08-26,285.7757,286.7142,283.5561,285.1285,3513064,0
2021-08-27,299.0428,299.5556,297.3522,299.0488,1945060,0
2021-08-30,296.7907,297.3365,294.6895,296.46,2697761,0
2021-08-31,296.4643,297.5063,295.6281,296.7105,3832243,0
2021-09-01,287.2892,288.0406,286.7985,287.7712,209651,0
2021-09-02,281.6187,282.7055,280.8828,281.7179,4630420,0
2021-09-03,279.4472,280.4741,278.8114,279.8944,4378138,0
2021-09-06,287.651,287.6522,287.341,287.6468,4857882,0
2021-09-07,278.9848,279.607,277.9142,279.2027,652904,0
2021-09-08,297.7154,298.5621,297.715,298.2984,4748835,0
2021-09-09,291.9466,292.5511,291.3286,291.4406,3144797,0
2021-09-10,314.6098,315.6184,313.1584,314.779,2864276,0
2021-09-13,301.6348,303.4149,301.0514,302.1296,1061729,0
2021-09-14,310.8698,311.7964,310.3482,310.5909,2561024,0
2021-09-15,304.5913,305.114,304.1666,304.8134,1943850,0
2021-09-16,296.9079,298.3453,296.3754,296.5846,4940674,0
2021-09-17,275.4314,276.5053,275.2819,275.6336,1830615,0
2021-09-20,279.3006,280.8274,279.2623,279.4518,1247260,0
2021-09-21,275.3111,276.4273,274.5668,275.2162,4742611,0
2021-09-22,283.6213,284.7695,283.284,283.4532,1100145,0
2021-09-23,289.5773,290.5972,288.0918,289.355,4541584,0
2021-09-24,306.6189,308.966,306.0955,306.6464,4823275,0
2021-09-27,300.7323,300.7974,299.8439,300.5734,1675306,0
2021-09-28,300.1521,301.1628,298.7369,299.9285,3508135,0
2021-09-29,304.4673,305.9208,303.4727,304.4063,4024409,0
2021-09-30,326.6528,327.553,326.3752,326.6995,2774259,0
2021-10-01,340.4731,342.758,340.3745,340.9659,3545519,0
2021-10-04,329.0466,331.2459,326.7456,328.8496,833839,0
2021-10-05,341.8253,342.2027,341.4174,341.8109,2676946,0
2021-10-06,342.1264,342.6964,340.9264,342.268,2663553,0
2021-10-07,340.7527,341.9307,339.8571,340.3179,2919077,0
2021-10-08,335.0335,336.8193,334.8672,335.5125,4732261,0
2021-10-11,323.7782,324.7051,322.2353,323.2468,4158590,0
2021-10-12,342.7066,344.1028,341.8887,342.7142,3093878,0
2021-10-13,331.9817,332.8408,330.859,331.8763,2136003,0
2021-10-14,315.2962,315.9025,312.6737,315.4208,2142217,0
2021-10-15,328.9559,331.1572,327.2451,329.5052,296799,0
2021-10-18,349.7532,351.9711,349.0854,349.802,2845294,0
2021-10-19,349.7043,350.7933,347.0058,349.5873,1411803,0
2021-10-20,322.5282,322.7024,321.5538,322.3102,4453496,0
2021-10-21,321.9307,323.236,320.2276,321.9945,3913368,0
2021-10-22,330.8395,331.7736,330.8324,331.5665,4581673,0
2021-10-25,343.5792,344.4855,343.2954,344.1097,4979915,0
2021-10-26,336.0142,336.0977,334.6686,335.3261,2120423,0
2021-10-27,333.176,335.0934,332.1016,333.5404,2256270,0
2021-10-28,337.4391,339.3479,336.87,336.9583,3118692,0
2021-10-29,345.4551,346.8198,345.2057,345.7781,2266462,0
2021-11-01,353.5085,353.9287,352.9541,353.573,1540172,0
2021-11-02,359.9447,360.2633,359.4432,359.7198,3594229,0
2021-11-03,357.9265,358.6066,357.5614,358.2203,2365209,0
2021-11-04,391.6883,393.0156,389.8488,391.0656,4720858,0
2021-11-05,391.1312,391.5099,389.6235,391.1016,1255436,0
2021-11-08,420.6589,422.3383,419.0979,420.4652,2330209,0
2021-11-09,427.035,427.2397,426.8195,427.1493,2751066,0
2021-11-10,434.4594,435.9825,431.3863,434.1734,4557677,0
2021-11-11,437.488,438.9555,436.6042,436.7984,2975552,0
2021-11-12,430.0885,432.2687,429.1105,430.145,531452,0
2021-11-15,454.8588,454.9396,453.8966,454.0734,1821616,0
2021-11-16,448.9063,449.4605,448.0025,449.181,4453232,0
2021-11-17,451.1694,453.8918,450.7968,450.8249,1506167,0
2021-11-18,463.5401,464.3703,461.8689,463.3134,1835105,0
2021-11-19,512.7587,514.0175,510.7886,513.3072,924922,0
2021-11-22,528.0337,528.3413,525.9844,527.9209,3653105,0
2021-11-23,531.5056,534.9402,529.9555,531.5017,869809,0
2021-11-24,497.589,498.3234,497.5885,498.0139,1965474,0
2021-11-25,497.5575,498.1046,495.9551,497.3794,3615013,0
2021-11-26,487.8592,489.7381,486.4499,487.7879,4498362,0
2021-11-29,469.7776,470.7352,468.6574,469.8117,1263862,0
2021-11-30,518.1772,521.6983,517.7064,518.2127,1794460,0
2021-12-01,502.4964,504.0444,501.405,502.5417,766289,0
2021-12-02,501.8286,503.6654,499.7614,502.0131,2301816,0
2021-12-03,481.9105,482.9756,481.2288,481.8431,4994584,0
2021-12-06,471.148,475.294,468.5513,471.4516,1660267,0
2021-12-07,471.8746,472.5093,469.878,470.6243,1447599,0
2021-12-08,424.774,427.193,423.8866,425.3735,2118656,0
2021-12-09,444.4765,444.7462,443.6403,444.7366,4501031,0
2021-12-10,497.1147,498.7036,494.6985,497.3662,2825858,0
2021-12-13,535.4556,538.093,534.264,534.3653,3124092,0
2021-12-14,553.8966,557.2944,553.755,554.6288,3946569,0
2021-12-15,581.538,584.0454,579.329,581.2904,3632336,0
2021-12-16,584.6766,584.8542,584.2108,584.5314,3074490,0
2021-12-17,595.8964,596.081,595.3827,595.6977,2892410,0
2021-12-20,578.3285,580.2685,576.0563,577.6143,2759568,0
2021-12-21,575.0367,575.2105,571.8016,574.3384,1067893,0
2021-12-22,538.5202,540.6153,538.0593,538.7631,2188810,0
2021-12-23,518.7633,520.6104,517.3725,518.6626,4265847,0
2021-12-24,522.8535,528.1167,522.7506,523.8299,389040,0
2021-12-27,541.1338,541.9194,538.6984,541.0802,4174269,0
2021-12-28,554.8428,556.3414,552.2196,555.2837,2916511,0
2021-12-29,581.1774,585.7041,578.2308,581.2857,1878490,0
2021-12-30,589.5273,593.5067,588.1661,590.5226,747497,0
2021-12-31,538.0976,540.6076,536.4828,537.8799,3866483,0
2022-01-03,530.7927,533.3364,530.485,531.6948,203402,0
2022-01-04,565.5834,566.2126,564.8203,565.4995,2806593,0
2022-01-05,596.5294,598.4361,595.1958,597.2619,979449,0
2022-01-06,571.8172,574.8484,570.4211,572.3035,4563435,0
2022-01-07,566.4825,566.8217,564.6293,565.8291,1075054,0
2022-01-10,580.1622,580.8666,579.4913,579.8214,4053556,0
2022-01-11,603.4446,603.5743,601.1171,602.7519,2955521,0
2022-01-12,603.1378,604.2735,600.0921,602.1985,396779,0
2022-01-13,639.0616,640.6568,638.6821,639.5558,3656289,0
2022-01-14,619.7906,620.5565,618.4095,618.863,4420524,0
2022-01-17,595.5803,596.786,594.8335,596.4544,1263107,0
2022-01-18,594.6446,598.4472,594.1857,594.2012,4849118,0
2022-01-19,595.4916,596.5699,594.5164,595.7855,4032176,0
2022-01-20,590.8877,593.4804,588.6744,591.4379,3762349,0
2022-01-21,588.8972,590.7899,587.5835,588.5356,1813013,0
2022-01-24,557.1899,558.0677,556.1761,556.6639,775584,0
2022-01-25,549.496,550.6878,546.3724,548.9935,2260785,0
2022-01-26,559.7025,560.3666,558.3843,559.5823,4075404,0
2022-01-27,542.6118,543.7325,541.7002,542.5402,3015926,0
2022-01-28,525.0569,525.1354,524.2756,524.7804,3307947,0
2022-01-31,563.391,567.4598,562.2069,563.2199,3948881,0
2022-02-01,551.9233,554.2877,550.7129,551.6247,1826366,0
2022-02-02,521.0101,522.8501,517.6413,520.9038,379316,0
2022-02-03,529.9517,531.1668,528.3174,529.5054,4443346,0
2022-02-04,521.3952,525.0077,518.8621,522.245,3144313,0
2022-02-07,519.6221,521.9307,517.9845,519.6904,2914720,0
2022-02-08,535.9871,538.9363,534.8556,536.7298,2951728,0
2022-02-09,524.4083,525.9678,522.7308,524.2632,4294054,0
2022-02-10,532.8051,533.7072,531.7823,531.9318,3892588,0
2022-02-11,547.2622,548.4439,545.2056,547.5218,3416545,0
2022-02-14,536.0783,538.0616,533.5343,536.0101,3953653,0
2022-02-15,532.2623,534.1043,531.0553,531.86,1584877,0
2022-02-16,512.7807,514.6333,509.4867,513.8432,3616268,0
2022-02-17,529.6059,530.0376,529.0397,529.8825,4880089,0
2022-02-18,541.9644,542.2674,539.1136,541.7669,1327828,0
2022-02-21,553.599,556.63,551.8499,555.2075,2940826,0
2022-02-22,552.2877,558.5261,549.2414,552.8277,3469820,0
2022-02-23,565.0519,565.7627,563.1521,564.4305,2680425,0
2022-02-24,521.6968,522.8475,520.3609,521.1741,4850470,0
2022-02-25,520.6217,522.6466,520.267,520.4269,2136846,0
2022-02-28,549.3468,549.8828,548.5481,548.8626,1245678,0
2022-03-01,550.6412,552.1944,548.5727,550.5228,854452,0
2022-03-02,570.0015,570.801,569.6666,569.6851,4276570,0
2022-03-03,567.3842,568.333,565.6758,567.5633,3493821,0
2022-03-04,592.4414,593.2646,592.3373,592.3728,2974399,0
2022-03-07,580.0829,583.9065,578.6381,580.45,2267836,0
2022-03-08,590.1606,591.4627,587.21,589.4159,2167733,0
2022-03-09,581.601,581.8094,579.3069,580.7174,4686140,0
2022-03-10,587.4411,588.5675,585.9411,586.6316,3465755,0
2022-03-11,579.2549,581.0422,578.6578,579.4914,4832466,0
2022-03-14,580.4784,583.2595,579.0844,581.0326,4047229,0
2022-03-15,576.9484,577.69,572.391,576.2126,3884676,0
2022-03-16,588.6454,590.5013,587.5841,588.3254,2857456,0
2022-03-17,597.6137,598.8061,595.8085,597.4174,1363974,0
2022-03-18,588.4146,590.4093,587.1982,588.7876,3337062,0
2022-03-21,580.2267,581.8015,578.6642,579.9798,3636702,0
2022-03-22,567.9248,571.1222,566.2416,568.5418,2705455,0
2022-03-23,555.2438,558.023,554.637,554.892,298024,0
2022-03-24,567.6339,569.1787,562.8428,566.8522,4808015,0
2022-03-25,556.2288,557.6024,554.0752,555.323,4166722,0
2022-03-28,561.8782,566.3474,561.2509,561.4803,1890581,0
2022-03-29,555.4439,557.0336,554.8459,556.2126,2569369,0
2022-03-30,503.0842,504.6837,500.3426,502.985,792156,0
2022-03-31,576.8179,577.8153,573.6484,575.5864,4696350,0
2022-04-01,572.3469,573.5838,568.0355,572.8445,1307018,0
2022-04-04,565.0722,566.9266,562.1397,565.1056,2013248,0
2022-04-05,590.8068,591.7312,587.2695,589.9729,2257042,0
2022-04-06,563.5001,564.3328,562.4889,563.1526,1463233,0
2022-04-07,579.8072,580.995,578.1383,578.3727,3246493,0
2022-04-08,532.4991,534.0689,530.0204,532.8896,4976270,0
2022-04-11,516.0252,516.9564,515.6857,516.5364,4305217,0
2022-04-12,582.352,582.8466,578.5125,581.64,2747253,0
2022-04-13,596.6697,600.7429,596.4345,597.3841,828631,0
2022-04-14,614.1134,614.9606,613.0731,614.2342,4343276,0
2022-04-15,576.2765,576.9094,573.2371,576.3143,1432354,0
2022-04-18,570.1658,571.1526,567.2172,569.5758,4573074,0
2022-04-19,591.6451,592.6916,591.1576,591.2819,2098067,0
2022-04-20,632.3974,635.6309,628.7771,632.1084,2688649,0
2022-04-21,625.3444,628.5453,623.6104,625.5961,2296116,0
2022-04-22,594.2671,596.4189,591.2711,593.5459,2387426,0
2022-04-25,583.7499,584.0716,581.1795,581.4093,991900,0
2022-04-26,575.094,576.9507,574.3392,574.6967,2853852,0
2022-04-27,567.377,570.4181,566.464,567.3205,2134262,0
2022-04-28,549.0441,550.6632,547.7642,549.7576,4269149,0
2022-04-29,521.2321,523.7033,521.1088,521.5645,2490657,0
2022-05-02,501.158,501.6625,499.5608,501.2651,4830369,0
2022-05-03,491.7574,493.6084,491.2305,492.0205,1623998,0
2022-05-04,507.664,508.3528,503.026,507.6722,1775946,0
2022-05-05,532.3298,532.4057,530.4851,531.385,376279,0
2022-05-06,535.9954,538.3353,533.877,535.3277,3745425,0
2022-05-09,516.2719,517.0632,514.6823,516.3539,552660,0
2022-05-10,507.8344,509.6082,507.5131,508.4488,1569797,0
2022-05-11,475.5837,475.8104,472.4984,474.9485,4570651,0
2022-05-12,501.3861,502.6556,500.9431,501.4107,3132574,0
2022-05-13,490.6526,492.1212,487.848,491.5012,2882139,0
2022-05-16,499.9677,500.7407,499.3694,499.6118,4062990,0
2022-05-17,519.6545,521.7858,517.0176,519.122,3903166,0
2022-05-18,476.8583,478.2691,476.3129,478.018,4455134,0
2022-05-19,475.5946,476.155,474.7321,475.9871,3393316,0
2022-05-20,446.709,447.4884,443.6213,446.7583,2353837,0
2022-05-23,461.4209,462.5717,459.5911,461.0822,827176,0
2022-05-24,482.5968,483.5374,482.3792,482.8458,1974827,0
2022-05-25,461.555,462.3595,460.5528,461.9394,3585171,0
2022-05-26,493.4362,494.8178,491.7909,493.0777,1416567,0
2022-05-27,525.733,527.357,524.6054,525.9794,3420678,0
2022-05-30,523.7128,525.7875,522.135,523.429,840402,0
2022-05-31,530.4181,536.0985,529.6414,531.0083,489993,0
2022-06-01,545.289,546.1423,541.6094,546.0274,1951604,0
2022-06-02,538.5251,539.8524,537.4471,538.1187,1303413,0
2022-06-03,535.4087,536.0476,533.6517,535.2736,4385493,0
2022-06-06,548.9623,552.2087,547.853,548.4563,2015711,0
2022-06-07,559.0434,560.4273,557.6986,559.3413,2210285,0
2022-06-08,533.6587,534.8368,532.3778,534.0833,2136819,0
2022-06-09,567.5524,569.3058,563.9947,566.7811,1723007,0
2022-06-10,558.0101,559.5474,555.7653,558.8612,4605080,0
2022-06-13,589.2709,590.2556,587.4899,588.5343,3747834,0
2022-06-14,576.1264,576.1831,574.1878,575.3667,962465,0
2022-06-15,575.1595,576.1865,572.5395,574.6653,1234805,0
2022-06-16,546.6624,548.6023,544.3983,547.0386,588837,0
2022-06-17,588.1221,588.766,587.1873,588.6027,1430176,0
2022-06-20,583.4111,584.9587,583.2661,583.5337,3351555,0
2022-06-21,605.0585,606.6756,603.6161,605.8431,4692361,0
2022-06-22,603.6281,605.3637,601.5555,604.2091,2511865,0
2022-06-23,637.1121,639.0641,633.1781,636.7016,591630,0
2022-06-24,636.7717,637.1119,635.5249,636.3585,427446,0
2022-06-27,668.5401,670.0173,666.5231,669.2425,2190229,0
2022-06-28,646.6979,646.8985,646.1344,646.261,1470505,0
2022-06-29,633.7796,635.6986,633.2645,633.4918,2968405,0
2022-06-30,622.5211,625.9797,621.1199,621.5825,767781,0
2022-07-01,615.0736,616.0345,612.9943,614.7237,1305251,0
2022-07-04,602.2431,603.985,600.1045,601.6062,2868016,0
2022-07-05,593.1621,596.3513,592.5324,592.8793,1548859,0
2022-07-06,587.6273,588.2777,586.2736,587.0521,1950585,0
2022-07-07,560.1831,562.7277,560.002,560.905,1264857,0
2022-07-08,553.3858,554.4426,552.396,553.4532,447234,0
2022-07-11,551.7522,552.4634,551.427,551.7737,1856890,0
2022-07-12,562.5329,564.2627,558.1144,562.67,1782663,0
2022-07-13,580.7306,580.8717,580.1557,580.473,4512827,0
2022-07-14,593.8128,594.2542,592.6347,593.4363,4485053,0
2022-07-15,599.6893,599.8617,598.1855,599.4542,2271619,0
2022-07-18,600.4613,600.8921,598.6237,600.5675,1582320,0
2022-07-19,604.426,606.8356,603.0474,604.871,2205579,0
2022-07-20,604.7805,605.5474,602.727,604.1177,3117905,0
2022-07-21,593.0645,593.9022,592.4749,592.8571,2055588,0
2022-07-22,574.3914,575.3235,572.6093,574.977,3829510,0
2022-07-25,594.0814,594.3943,591.8149,594.1965,4827755,0
2022-07-26,614.8413,619.0178,614.3191,615.915,2136061,0
2022-07-27,570.9667,572.0362,570.7502,570.9465,763037,0
2022-07-28,548.3735,550.5909,546.9019,548.4823,779900,0
2022-07-29,551.7369,553.2697,550.2404,552.0541,4385002,0
2022-08-01,535.3715,537.1526,533.3732,534.5245,2197261,0
2022-08-02,534.3923,536.9904,534.3068,535.0109,1770373,0
2022-08-03,527.8834,528.3475,524.7551,527.5108,3173109,0
2022-08-04,527.4089,530.0369,524.9515,526.2581,4791255,0
2022-08-05,515.7617,516.4874,513.7184,515.2067,2238337,0
2022-08-08,514.613,515.9836,513.885,514.6292,1713090,0
2022-08-09,509.5841,510.7353,509.2581,510.1627,4341059,0
2022-08-10,464.3589,466.5724,464.3042,464.9922,597796,0
2022-08-11,482.5549,484.0904,482.0574,482.7536,4252496,0
2022-08-12,478.352,480.2002,478.2553,478.6808,2696201,0
2022-08-15,478.3295,478.8739,478.244,478.6739,296765,0
2022-08-16,472.9667,473.4099,472.3324,473.1211,1293754,0
2022-08-17,502.9691,503.7865,501.8024,503.0205,3460277,0
2022-08-18,512.3518,515.9759,510.4418,512.1033,3814351,0
2022-08-19,488.4906,489.4388,485.4066,489.096,1138989,0
2022-08-22,490.3297,490.7554,490.0271,490.6644,3355066,0
2022-08-23,499.1526,501.0158,498.4504,499.2323,4948483,0
2022-08-24,501.9196,502.5678,501.289,502.0178,3495051,0
2022-08-25,522.1542,523.7323,518.9231,521.197,3571754,0
2022-08-26,542.2802,544.9933,541.3414,542.1543,1128749,0
2022-08-29,539.1101,540.7163,538.9445,539.9814,3259979,0
2022-08-30,554.0874,555.8312,552.0778,553.8558,3601425,0
2022-08-31,545.7872,548.3582,544.9459,545.4895,731085,0
2022-09-01,547.8092,549.1488,545.8642,547.8778,1694388,0
2022-09-02,543.5188,545.6318,542.724,544.1791,4436440,0
2022-09-05,539.0237,539.9413,536.6475,538.0778,4993635,0
2022-09-06,540.4625,542.0526,538.5156,541.0413,1031379,0
2022-09-07,524.9814,525.4044,524.511,524.6347,3712484,0
2022-09-08,540.8943,542.3165,540.7713,540.7861,2607797,0
2022-09-09,535.4059,536.2798,534.4651,535.0844,3033975,0
2022-09-12,551.2563,554.5066,545.8664,550.3169,2652451,0
2022-09-13,537.5116,539.6096,536.5447,537.2099,4362165,0
2022-09-14,531.4051,531.718,530.688,531.7021,2336538,0
2022-09-15,517.2218,520.1132,515.4627,516.6504,3028696,0
2022-09-16,501.4101,502.174,500.6163,501.7268,3412511,0
2022-09-19,491.9939,494.0486,490.6284,491.9134,2853199,0
2022-09-20,480.4229,483.4116,479.5755,481.0449,4422230,0
2022-09-21,467.6478,471.1722,467.5711,468.1315,1339114,0
2022-09-22,469.0513,470.5403,467.7675,469.0272,4750426,0
2022-09-23,477.3166,477.6843,475.5028,477.141,3454937,0
2022-09-26,485.1726,487.4002,483.6635,485.9999,4808267,0
2022-09-27,466.4229,466.8557,465.4162,466.191,1998293,0
2022-09-28,463.228,466.1162,459.8739,463.6079,2498433,0
2022-09-29,460.5408,461.1856,457.5162,459.9522,406796,0
2022-09-30,476.4718,477.0486,475.3253,476.6396,4635104,0
2022-10-03,473.9859,475.8609,473.6356,474.5191,4117096,0
2022-10-04,474.4413,476.0727,472.0699,474.4053,1622262,0
2022-10-05,458.9421,463.8601,458.747,459.363,448991,0
2022-10-06,451.885,452.4852,451.0911,451.3123,3544839,0
2022-10-07,436.7403,436.8005,435.1309,436.7401,3427040,0
2022-10-10,438.0823,439.0177,435.9337,438.1487,2732843,0
2022-10-11,453.6116,454.7868,453.117,453.3433,952260,0
2022-10-12,445.5858,447.6424,445.1008,446.034,4608273,0
2022-10-13,443.7244,446.1793,443.3177,444.2972,2276333,0
2022-10-14,436.4138,439.1547,435.6059,436.2357,3677908,0
2022-10-17,430.5226,432.8368,430.4964,430.9965,4323639,0
2022-10-18,432.044,434.1919,429.6628,432.5198,2831964,0
2022-10-19,452.1536,452.3568,451.1519,451.7756,653213,0
2022-10-20,466.0882,466.7925,465.618,465.8436,4461034,0
2022-10-21,483.0242,484.2245,480.1642,483.6306,3402323,0
2022-10-24,493.5307,493.8861,493.5197,493.8365,4493034,0
2022-10-25,491.4897,492.2419,490.0998,491.9343,3140569,0
2022-10-26,489.5597,490.9111,488.6172,488.6916,4555774,0
2022-10-27,482.0751,482.4134,481.1651,481.6387,4364142,0
2022-10-28,458.7599,460.0142,458.1617,458.9531,1235047,0
2022-10-31,457.3729,459.0401,457.0727,457.1096,1029127,0
2022-11-01,470.472,472.2661,468.6937,471.1109,969104,0
2022-11-02,484.9648,486.9655,482.585,485.2912,4038980,0
2022-11-03,509.462,510.1041,509.0068,509.4085,1353855,0
2022-11-04,512.0169,512.6812,509.6619,511.7854,2360581,0
2022-11-07,500.3363,500.5663,500.2172,500.3851,3982281,0
2022-11-08,515.1004,518.1514,513.7162,514.9727,2257490,0
2022-11-09,520.9035,524.3578,519.2801,520.8627,496895,0
2022-11-10,541.1701,542.0207,540.7369,541.2586,1936564,0
2022-11-11,558.2771,558.4532,556.913,558.4425,654033,0
2022-11-14,553.7692,555.361,553.4447,554.0054,2050755,0
2022-11-15,543.1727,544.3402,541.0803,543.0468,3736252,0
2022-11-16,532.3591,532.6226,531.2945,532.1405,2695806,0
2022-11-17,526.0018,526.2742,524.717,525.8975,3439408,0
2022-11-18,520.4546,522.2319,519.7324,521.0688,712639,0
2022-11-21,518.1726,519.6456,517.858,518.6907,3800700,0
2022-11-22,525.766,528.7295,525.3692,525.5564,2240316,0
2022-11-23,523.6545,524.8748,522.8044,522.8849,1577569,0
2022-11-24,523.9404,523.9768,522.025,523.8605,3329509,0
2022-11-25,510.4554,511.4118,506.861,510.6656,847206,0
2022-11-28,504.575,504.927,504.4156,504.4619,2591323,0
2022-11-29,497.4417,498.2457,497.3231,498.0079,2226468,0
2022-11-30,485.117,487.0051,482.4895,484.4829,995981,0
2022-12-01,482.0143,486.69,480.9531,481.9244,4770581,0
2022-12-02,469.9032,471.9389,468.8819,470.218,1942648,0
2022-12-05,467.1518,468.0222,466.6515,467.2298,395687,0
2022-12-06,468.4279,469.5604,465.8298,468.6749,2326216,0
2022-12-07,481.427,482.3995,479.3396,480.7964,4839972,0
2022-12-08,474.4465,475.8595,473.6288,474.5425,3410599,0
2022-12-09,475.8406,477.6405,475.2232,475.7667,3256356,0
2022-12-12,471.5406,471.6301,471.0374,471.2702,4523678,0
2022-12-13,459.5911,461.0462,456.8344,459.9318,602802,0
2022-12-14,496.9732,499.3763,495.6813,496.877,2841802,0
2022-12-15,489.6882,490.7473,488.4531,489.5539,1739922,0
2022-12-16,483.982,485.5681,481.9492,484.7353,3446567,0
2022-12-19,487.2625,487.3235,486.311,487.1394,4293113,0
2022-12-20,475.0246,477.0648,474.945,475.0464,570510,0
2022-12-21,490.0957,492.1708,487.9313,490.032,959287,0
2022-12-22,520.2755,523.9468,519.588,520.257,4781441,0
2022-12-23,524.1889,526.6075,523.6301,524.0531,2561416,0
2022-12-26,469.0406,471.8959,467.6685,468.4142,1713001,0
2022-12-27,457.9403,458.5621,457.3334,458.4811,930757,0
2022-12-28,472.0556,473.8243,471.1942,472.2172,1900600,0
2022-12-29,479.288,479.3438,478.0594,478.9687,223995,0
2022-12-30,491.8526,491.9614,490.8818,491.6162,1269645,0
2023-01-02,504.7139,505.0104,503.827,504.4822,1078433,0
2023-01-03,528.387,529.7224,526.0947,526.9361,606416,0
2023-01-04,596.4909,597.2651,594.1022,596.1248,4851325,0
2023-01-05,639.9612,640.5705,638.7002,639.2383,3992224,0
2023-01-06,671.1072,673.536,668.344,671.3133,4713826,0
2023-01-09,690.1425,691.2023,686.45,690.8285,1354352,0
2023-01-10,741.0611,743.4394,739.4188,741.2941,1584432,0
2023-01-11,773.1703,777.085,765.8498,772.6202,1556901,0
2023-01-12,770.4772,770.875,767.7505,770.1639,2880853,0
2023-01-13,778.2092,781.1723,777.0974,777.8955,1072622,0
2023-01-16,766.3,769.5684,764.3087,766.4643,1330320,0
2023-01-17,804.8168,806.3918,803.3954,805.1178,4879449,0
2023-01-18,824.9002,829.4485,823.8736,825.0486,1890431,0
2023-01-19,796.4057,799.7797,792.7321,795.8291,3948967,0
2023-01-20,836.4956,836.8964,835.392,835.7929,1298987,0
2023-01-23,830.9837,831.9301,827.7838,831.8207,4663518,0
2023-01-24,861.1171,863.7903,859.1854,860.4612,3530390,0
2023-01-25,835.0924,837.5523,834.3176,835.6361,4336272,0
2023-01-26,834.8198,834.8271,833.4514,834.4285,2678559,0
2023-01-27,773.0993,774.8393,771.7967,773.2477,4550224,0
2023-01-30,756.0869,756.5401,753.0468,754.9048,1940732,0
2023-01-31,719.1026,723.0352,716.9522,719.4033,2499363,0
2023-02-01,715.3986,718.9083,714.7096,715.2708,495581,0
2023-02-02,748.9015,751.4182,748.0541,748.4475,1018598,0
2023-02-03,763.5431,765.0123,762.2052,764.211,3901753,0
2023-02-06,759.5342,759.597,758.6593,759.5895,1769025,0
2023-02-07,770.8997,773.5319,768.2749,771.1053,689627,0
2023-02-08,786.6554,789.2321,784.7526,787.0598,1603767,0
2023-02-09,761.3651,763.0132,760.8146,761.7,1893444,0
2023-02-10,793.2699,793.5409,790.8146,792.3888,3642242,0
2023-02-13,754.1958,756.7825,751.3473,754.6475,634414,0
2023-02-14,760.2521,761.1308,756.7306,759.8217,323228,0
2023-02-15,751.6829,751.8318,750.0999,751.4465,3675753,0
2023-02-16,765.3939,767.9112,764.5721,766.4646,881802,0
2023-02-17,728.6443,728.7361,726.5299,728.2662,2214343,0
2023-02-20,726.3279,727.6386,725.1771,727.356,3477848,0
2023-02-21,719.5049,719.8366,718.1262,719.0532,2667957,0
2023-02-22,702.4875,703.7139,699.5117,702.8439,792523,0
2023-02-23,703.5968,706.3512,702.5705,703.5909,3666472,0
2023-02-24,699.0866,700.1496,698.7481,699.9926,431800,0
2023-02-27,693.2889,694.9585,691.8439,693.2041,1315142,0
2023-02-28,678.9481,681.0263,677.7912,678.3193,724232,0
2023-03-01,744.7933,745.933,742.2751,745.3948,2660469,0
2023-03-02,716.9205,718.9358,714.7593,717.3561,3515235,0
2023-03-03,700.0882,700.4781,698.0032,699.7701,3319536,0
2023-03-06,696.4029,697.5126,693.4541,696.0691,868761,0
2023-03-07,725.8012,728.8193,725.6362,727.5722,1848132,0
2023-03-08,748.7411,750.1693,745.7337,747.2351,902260,0
2023-03-09,739.2146,744.5297,737.9336,738.8241,1844945,0
2023-03-10,763.6143,765.4409,763.0016,763.0825,1305440,0
2023-03-13,799.9876,804.6007,799.1517,800.1024,3753894,0
2023-03-14,803.3885,808.2996,801.3843,804.8819,3804371,0
2023-03-15,808.6485,809.8961,805.2854,808.1033,4128274,0
2023-03-16,806.2189,811.9266,803.5967,806.6749,1161693,0
2023-03-17,799.1846,803.2063,795.9094,798.7501,264779,0
2023-03-20,799.3948,801.2644,796.2654,799.5698,369801,0
2023-03-21,813.2211,814.0909,812.1545,813.0276,4248723,0
2023-03-22,786.3846,791.3913,784.6034,786.9945,4548144,0
2023-03-23,785.3979,785.7673,784.321,784.7196,1216475,0
2023-03-24,777.8426,780.0512,775.9031,778.7681,4406328,0
2023-03-27,809.7044,811.6882,806.5803,807.8902,2742771,0
2023-03-28,818.5072,818.8873,816.0538,816.6795,1087131,0
2023-03-29,830.1592,831.3325,826.7233,828.806,1702079,0
2023-03-30,826.6882,828.8442,825.2887,825.6352,1473644,0
2023-03-31,817.797,822.6162,816.3913,817.8662,3865383,0
2023-04-03,822.978,823.1632,820.273,822.0191,1105076,0
2023-04-04,811.1526,813.3701,810.1544,811.2307,1078726,0
2023-04-05,794.4188,796.6327,794.2222,795.6549,3653765,0
2023-04-06,788.1329,788.8532,783.7026,786.95,1650575,0
2023-04-07,805.6741,808.3747,802.7204,804.7657,1400042,0
2023-04-10,793.2134,793.6291,792.0706,793.2383,4077447,0
2023-04-11,783.1451,784.6053,779.4046,784.1058,4670958,0
2023-04-12,767.5608,769.5331,764.3302,768.011,2865763,0
2023-04-13,780.6289,783.1572,780.2057,782.0532,4172676,0
2023-04-14,791.9176,792.2848,789.5085,791.1699,4238100,0
2023-04-17,781.8634,784.9229,779.5754,783.119,3024325,0
2023-04-18,804.5179,804.535,803.1126,804.2872,4182546,0
2023-04-19,792.8709,794.2026,788.6594,793.5404,242903,0
2023-04-20,788.0692,790.6425,787.7303,789.1952,369517,0
2023-04-21,792.5613,796.3415,790.4905,792.3725,4441613,0
2023-04-24,750.8718,752.0582,746.7526,751.1225,874074,0
2023-04-25,742.14,742.9921,737.6892,741.5184,3693255,0
2023-04-26,718.271,719.4973,717.115,719.1826,2216606,0
2023-04-27,722.1382,724.9117,720.7654,722.6855,3981955,0
2023-04-28,719.6874,722.3551,719.2037,721.4099,3393013,0
2023-05-01,715.712,717.9676,710.8333,717.2788,544760,0
2023-05-02,721.6971,724.3966,720.2036,720.4017,1816794,0
2023-05-03,735.337,736.1915,731.5456,733.8081,3601088,0
2023-05-04,756.7136,757.8614,752.9597,756.6435,4623450,0
2023-05-05,782.9018,784.3829,778.4523,783.5473,4062029,0
2023-05-08,766.8886,768.4263,765.0448,767.1175,4480940,0
2023-05-09,797.1203,804.1966,794.3836,796.4246,4791849,0
2023-05-10,797.442,799.4384,797.0934,797.8524,4492253,0
2023-05-11,791.343,796.2541,788.2599,791.155,2986258,0
2023-05-12,769.1535,772.8552,765.2718,769.1633,1813490,0
2023-05-15,716.7959,718.8376,716.7023,717.2039,2638600,0
2023-05-16,727.2015,730.5015,726.9329,727.5844,4019321,0
2023-05-17,737.3489,738.857,733.6105,737.1326,2241904,0
2023-05-18,726.14,729.6388,726.105,726.85,4187968,0
2023-05-19,717.7152,719.312,716.5296,717.3911,3566180,0
2023-05-22,715.3562,716.1006,713.745,715.6937,1204722,0
2023-05-23,769.6363,770.2377,766.3744,769.5383,4619942,0
2023-05-24,817.8476,818.2914,815.2218,816.7173,4262049,0
2023-05-25,819.4772,821.7726,814.1007,819.6151,3078824,0
2023-05-26,859.943,860.968,857.5212,859.1528,1131716,0
2023-05-29,877.606,880.9667,876.8832,879.1816,1290961,0
2023-05-30,860.4021,861.2568,857.8819,860.807,4229328,0
2023-05-31,840.9971,845.9958,838.6748,840.9738,284354,0
2023-06-01,906.4126,907.0957,900.9878,904.6726,2521335,0
2023-06-02,923.2095,927.435,918.8694,925.0225,3171742,0
2023-06-05,875.5915,877.0941,874.1235,875.6758,1316007,0
2023-06-06,844.6956,845.3883,838.5213,843.4669,4350069,0
2023-06-07,913.1372,914.1526,907.9381,913.8546,2707115,0
2023-06-08,889.8534,892.439,888.6488,890.0428,516681,0
2023-06-09,861.0211,862.8774,858.9946,860.7355,1736782,0
2023-06-12,900.2432,900.9559,895.6478,900.0771,2108341,0
2023-06-13,919.9666,921.8813,918.3134,918.5284,1269473,0
2023-06-14,971.6501,972.774,970.7425,971.2146,4712225,0
2023-06-15,1009.9002,1010.1032,1006.1721,1008.5611,1930429,0
2023-06-16,979.1448,980.4033,976.4697,979.4974,2608049,0
2023-06-19,992.476,1001.1933,991.8882,993.2115,2769249,0
2023-06-20,1002.6673,1007.5241,1000.9947,1002.8936,1259159,0
2023-06-21,994.0134,998.0285,991.924,995.1669,2925985,0
2023-06-22,998.5034,1001.0875,996.4129,998.0208,1897550,0
2023-06-23,978.7534,979.5166,977.2641,979.1312,249538,0
2023-06-26,975.2168,983.3922,973.8725,975.8723,2159069,0
2023-06-27,987.9287,990.7809,986.315,987.4363,3002445,0
2023-06-28,962.3371,965.5312,962.1385,963.439,762989,0
2023-06-29,937.0546,937.1038,934.1013,936.3332,3941040,0
2023-06-30,936.9448,939.7757,932.5307,937.3932,3371802,0
2023-07-03,924.0724,926.5232,920.0538,923.0025,1687845,0
2023-07-04,887.2142,888.9861,886.4954,887.5628,3042388,0
2023-07-05,862.1453,863.8368,857.8703,861.6008,1657555,0
2023-07-06,794.7558,797.925,793.6432,794.6131,3309069,0
2023-07-07,833.0467,837.5622,831.4919,832.4275,938936,0
2023-07-10,867.7319,868.328,864.2275,867.6365,3131799,0
2023-07-11,884.6864,890.3302,884.3081,886.1604,464470,0
2023-07-12,860.0619,863.9793,856.5417,859.1951,280025,0
2023-07-13,861.211,865.2393,860.4315,861.2865,1420691,0
2023-07-14,853.1433,855.7992,851.1004,852.4703,1037421,0
2023-07-17,849.5868,850.641,848.6602,849.0008,2555452,0
2023-07-18,891.3574,893.6164,889.4068,892.0472,994745,0
2023-07-19,879.4287,884.2435,876.2801,880.2339,1373394,0
2023-07-20,851.2221,856.4315,850.3269,850.6646,670167,0
2023-07-21,846.1831,848.9832,842.0008,846.4397,4457171,0
2023-07-24,860.7445,861.2513,855.5076,859.9392,3730283,0
2023-07-25,890.898,891.616,890.0256,891.0568,1244766,0
2023-07-26,905.3027,907.2318,898.0341,904.3771,776658,0
2023-07-27,938.8706,940.1729,933.4194,938.4734,4281203,0
2023-07-28,888.1189,890.3218,886.2733,887.8633,3407331,0
2023-07-31,892.6305,893.8373,890.9283,892.9645,4452076,0
2023-08-01,897.022,897.6326,893.8281,896.8135,1056273,0
2023-08-02,868.0977,870.0482,864.3891,867.0634,1922116,0
2023-08-03,855.2013,858.2453,852.3442,855.2477,767888,0
2023-08-04,846.301,851.4248,843.2679,845.8517,2232084,0
2023-08-07,845.459,847.3846,843.4772,845.4198,980144,0
2023-08-08,836.8835,836.9054,836.4928,836.7792,219936,0
2023-08-09,866.4771,869.4924,863.3754,864.9863,2640336,0
2023-08-10,880.8341,884.2645,876.629,879.7769,4899480,0
2023-08-11,851.9371,854.1719,849.1989,851.8694,3298316,0
2023-08-14,848.3846,850.8547,848.2007,848.2027,3833247,0
2023-08-15,827.2972,828.9071,824.7643,827.8782,4097239,0
2023-08-16,802.8641,805.3613,801.2479,803.003,4866660,0
2023-08-17,802.3817,804.0559,797.7517,802.1335,817098,0
2023-08-18,804.6507,806.5408,802.3481,803.9668,1403619,0
2023-08-21,824.8596,827.0715,822.2484,824.2421,3157696,0
2023-08-22,836.5558,838.4722,834.9698,837.4848,4141029,0
2023-08-23,813.2825,815.7049,810.1503,812.4887,3914430,0
2023-08-24,807.6163,808.2087,806.4991,807.688,3692645,0
2023-08-25,774.864,775.8615,773.4227,775.6295,1699544,0
2023-08-28,721.8781,724.9815,717.205,720.9147,1951219,0
2023-08-29,742.1401,744.6843,737.22,741.0557,582634,0
2023-08-30,742.0098,744.8555,738.9483,741.8141,1706726,0
2023-08-31,776.9184,779.9644,774.5248,776.3681,948540,0
2023-09-01,757.2463,758.4516,754.9274,756.6656,4703130,0
2023-09-04,752.2381,754.1825,750.7277,751.1896,639481,0
2023-09-05,739.9015,741.1543,737.7571,739.3632,1944366,0
2023-09-06,743.7111,746.5436,742.112,744.6998,4458617,0
2023-09-07,728.1113,730.0463,724.5659,726.6508,4788059,0
2023-09-08,746.2719,747.3024,745.4355,745.4775,2008168,0
2023-09-11,719.4829,720.4706,717.7211,719.8497,2434009,0
2023-09-12,705.2388,710.3733,704.6669,705.9656,2712073,0
2023-09-13,683.6077,686.172,682.7847,683.2628,4146631,0
2023-09-14,680.7702,683.6348,680.278,680.9597,3889703,0
2023-09-15,685.0437,686.4234,683.765,684.8177,2715738,0
2023-09-18,660.9166,661.7546,658.593,660.4256,1983192,0
2023-09-19,654.9084,656.4547,654.4175,655.2796,1987423,0
2023-09-20,672.1874,673.6427,670.0988,672.9385,3315692,0
2023-09-21,696.3295,699.7352,693.2705,696.061,4209300,0
2023-09-22,708.9299,710.1686,707.9538,709.3083,568063,0
2023-09-25,673.2896,673.8196,672.1684,673.1913,3890436,0
2023-09-26,674.4154,675.58,672.3106,675.3226,2508347,0
2023-09-27,694.5023,698.3042,693.5321,694.6775,896970,0
2023-09-28,688.6472,691.6092,682.7806,688.1552,663291,0
2023-09-29,671.3529,675.0553,670.3222,670.9464,1817807,0
2023-10-02,687.7425,688.6695,686.303,688.2852,1391763,0
2023-10-03,707.622,711.4382,707.0055,708.4497,699740,0
2023-10-04,708.9388,710.5386,708.7168,708.9276,1608035,0
2023-10-05,692.3775,695.8065,691.452,691.9893,4201825,0
2023-10-06,669.2723,670.5848,668.4107,669.0013,3644402,0
2023-10-09,673.9735,676.4193,672.9198,674.3189,1203378,0
2023-10-10,666.4829,666.8201,663.977,666.2844,3435700,0
2023-10-11,666.8661,669.1352,665.2487,665.8657,2368156,0
2023-10-12,664.1467,665.4856,663.0884,664.0104,3785984,0
2023-10-13,652.1448,653.737,651.5053,653.2116,1386990,0
2023-10-16,632.1938,634.6658,629.5568,632.0654,496424,0
2023-10-17,628.4254,629.1575,624.0181,627.1435,1701640,0
2023-10-18,628.5758,634.2462,627.5553,629.386,4970788,0
2023-10-19,632.2221,633.6976,630.3685,632.2033,2868026,0
2023-10-20,624.3239,624.9612,623.8059,624.4652,461216,0
2023-10-23,640.4055,641.5807,639.7606,640.3441,4881898,0
2023-10-24,627.8519,627.9322,627.5088,627.73,4163589,0
2023-10-25,599.9213,600.1553,597.8219,599.2382,2809759,0
2023-10-26,611.0034,611.7716,609.1764,610.9516,3753290,0
2023-10-27,613.4447,614.4202,609.4853,612.6622,1086896,0
2023-10-30,608.2689,610.0805,608.0609,608.3405,3040456,0
2023-10-31,613.8843,615.865,611.812,614.0993,4582357,0
2023-11-01,611.5433,612.6324,609.0025,611.9528,2306514,0
